iso,epoch,sym,symbol,tier,score,vr,volz,creep,buyimb,ret5,nh,qv,price,takerbuy,obimb,ret1h,ret4h,ret24h,ret72h,mfe72,mae72,win
2026-06-30T17:40:29.703342+00:00,1782841230.0,HYPER,HYPER/USDT,🔴最上位,2.75,20.378,22.167,0.0143,0.301,0.0382,0.501,163563790.0,0.0788,,,-0.005076142131979711,0.013959390862944288,-0.02030456852791862,0.027918781725888353,0.0635,-0.0305,0
2026-06-30T17:40:29.703342+00:00,1782841230.0,POWR,POWR/USDT,🔴最上位,2.1323,17.442,0.433,0.012,3.02,0.1144,0.19,1089848.0,0.0458,,,0.0,-0.01091703056768556,-0.05021834061135377,-0.026200873362445365,0.0764,-0.0852,0
2026-06-30T17:40:29.703342+00:00,1782841230.0,ATM,ATM/USDT,🟠上位5%,1.7902,1.355,-0.32,0.0046,3.249,0.1117,0.927,3183360.0,2.363,,,-0.014811680067710609,0.00042319085907749354,-0.0016927634363097521,0.020313161235717248,0.058,-0.0267,0
2026-06-30T17:40:29.703342+00:00,1782841230.0,CELO,CELO/USDT,🟠上位5%,1.6361,19.961,9.907,0.0161,0.441,-0.0546,0.036,33269636.0,0.05782,,,-0.009858180560359808,-0.0017295053614666545,0.19145624351435497,0.1020408163265305,0.2888,-0.0387,1
2026-06-30T22:53:13.870469+00:00,1782859994.0,GLM,GLM/USDT,🔴最上位,2.2054,11.389,6.528,0.0102,2.739,0.1739,0.394,3208010.0,0.1078,,,-0.025974025974026094,-0.026901669758812696,-0.06029684601113172,-0.04081632653061229,0.0046,-0.0928,0
2026-07-01T18:20:10.176473+00:00,1782930010.0,CELO,CELO/USDT,🔴最上位,6.116,92.352,40.433,0.0203,5.109,0.1576,0.268,336741394.0,0.06884,,,-0.02658338175479369,-0.03355607205113298,-0.10662405578152234,-0.0322486926205694,0.0341,-0.1139,0
2026-07-01T22:56:52.731789+00:00,1782946613.0,SLP,SLP/USDT,🟠上位5%,1.3637,4.371,23.742,0.003,1.965,0.1207,0.349,4279244.0,0.000518,,,-0.05405405405405406,-0.07142857142857151,-0.06949806949806947,0.019305019305019266,0.1969,-0.1255,0
2026-07-01T22:56:52.731789+00:00,1782946613.0,ALCX,ALCX/USDT,🟠上位5%,1.2992,6.585,11.512,0.0147,1.799,0.1977,0.287,3511312.0,3.16,,,-0.1487341772151899,-0.15506329113924056,-0.20253164556962033,-0.27215189873417733,0.0127,-0.2943,0
2026-07-02T10:16:13.821976+00:00,1782987374.0,ACT,ACT/USDT,🟠上位5%,1.1868,11.955,-0.308,0.0063,2.53,0.1824,0.209,1898306.0,0.00927,,,-0.0010787486515643208,0.016181229773462702,-0.016181229773462924,-0.02588996763754048,0.1758,-0.0431,0
2026-07-02T10:16:13.821976+00:00,1782987374.0,ME,ME/USDT,🟠上位5%,1.0929,1.816,6.017,0.0007,1.455,0.1281,0.344,6186022.0,0.06703,,,-0.018946740265552875,-0.027897956139042335,-0.013725197672683986,-0.06862598836341949,0.1592,-0.0764,0
2026-07-02T17:13:30.464450+00:00,1783012410.0,RAY,RAY/USDT,🟠上位5%,1.0668,1.39,5.574,0.0006,1.481,0.1491,0.739,3948313.0,0.6992,,,-0.0005720823798628372,-0.006578947368421129,0.03618421052631571,0.02388443935926765,0.0496,-0.015,0
2026-07-02T21:49:33.897407+00:00,1783028974.0,CELO,CELO/USDT,🔴最上位,4.1729,75.678,-0.191,0.0191,4.95,-0.0027,0.128,3172022.0,0.06193,,,0.003875343129339681,0.0054900694332311595,0.030033909252381807,0.09898272242854822,0.1332,-0.0102,1
2026-07-03T09:44:54.066705+00:00,1783071894.0,RPL,RPL/USDT,🟠上位5%,1.4646,4.763,2.221,0.0157,2.059,0.1942,0.367,3240736.0,1.66,,,-0.0060240963855421326,0.0,0.030120481927710774,0.1144578313253013,0.6205,-0.0361,1
2026-07-03T09:44:54.066705+00:00,1783071894.0,SLP,SLP/USDT,🟠上位5%,0.9681,7.765,1.661,0.0051,1.773,0.1582,0.379,2292078.0,0.000529,,,0.07183364839319473,-0.013232514177693666,0.011342155009451904,-0.017013232514177745,0.172,-0.0321,0
2026-07-03T20:42:17.240815+00:00,1783111337.0,BANANA,BANANA/USDT,🟠上位5%,0.8269,2.764,11.903,0.0043,1.123,0.1437,0.611,1864860.0,3.122,,,-0.00032030749519540436,-0.005445227418321541,-0.012491992312619993,0.014413837283792308,0.0448,-0.0541,0
2026-07-04T07:30:01.529468+00:00,1783150202.0,CELO,CELO/USDT,🔴最上位,3.3434,41.608,-0.235,0.0137,4.997,0.0418,0.223,1142906.0,0.06659,,,-0.025679531461180405,-0.02177504129749197,-0.025979876858387096,0.06112028833158134,0.0909,-0.0398,1
2026-07-04T07:30:01.529468+00:00,1783150202.0,DOGS,DOGS/USDT,🔴最上位,1.4026,0.986,4.321,-0.0,1.39,0.1692,0.702,3429539.0,4.589e-05,,,0.09217694486816286,0.06428415776857688,-0.011985181956853386,-0.06820658095445642,0.1183,-0.1007,0
2026-07-04T07:30:01.529468+00:00,1783150202.0,TRB,TRB/USDT,🟠上位5%,0.9325,1.464,0.756,0.0029,1.29,0.1807,0.874,4956207.0,16.14,,,-0.030359355638166052,-0.0006195786864933162,-0.02230483271375472,0.019826517967781898,0.1741,-0.044,0
2026-07-04T11:58:23.436903+00:00,1783166303.0,STORJ,STORJ/USDT,🟠上位5%,1.2654,2.327,9.969,0.0041,2.456,0.0783,0.364,3894199.0,0.0785,,,0.010191082802547768,0.006369426751592355,-0.019108280254777066,-0.04713375796178343,0.0217,-0.065,0
2026-07-04T11:58:23.436903+00:00,1783166303.0,SLP,SLP/USDT,🟠上位5%,0.9597,11.281,0.112,0.006,2.237,0.1779,0.447,2986804.0,0.000543,,,0.0018416206261511192,-0.023941068139963106,-0.03314917127071826,-0.03130755064456714,0.0479,-0.0626,0
2026-07-05T08:23:31.360471+00:00,1783239811.0,ARPA,ARPA/USDT,🔴最上位,2.8978,15.498,0.098,0.0038,6.899,0.2,0.287,3280712.0,0.00924,,,-0.016233766233766156,-0.008658008658008698,0.024891774891774743,-0.07683982683982693,0.1634,-0.0823,0
2026-07-05T12:58:04.187577+00:00,1783256284.0,CHR,CHR/USDT,🟠上位5%,0.9112,4.199,2.087,0.0096,1.202,0.066,0.476,3673609.0,0.01518,,,0.0006587615283266679,-0.0013175230566535578,-0.027009222661396604,-0.045454545454545525,0.025,-0.0698,0
2026-07-05T16:38:52.728581+00:00,1783269533.0,OGN,OGN/USDT,🟠上位5%,0.9938,9.893,1.861,0.0079,1.672,0.1968,0.315,9612497.0,0.01739,,,0.02070155261644624,0.017251293847038607,-0.01322599194939611,-0.048303622771707855,0.0477,-0.0604,0
2026-07-05T16:38:52.728581+00:00,1783269533.0,SUN,SUN/USDT,🟠上位5%,0.9794,1.378,2.259,0.0031,1.663,0.0981,0.915,2580499.0,0.0178,,,0.007303370786516883,0.0022471910112360494,0.0011235955056179137,0.046067415730337125,0.0725,-0.0096,0
2026-07-06T12:16:15.846782+00:00,1783340176.0,ARPA,ARPA/USDT,🔴最上位,1.6402,17.435,0.394,0.0041,4.012,0.1631,0.28,2499426.0,0.0092,,,0.01304347826086949,0.003260869565217428,-0.02826086956521734,-0.05652173913043479,0.0315,-0.0913,0
2026-07-06T12:16:15.846782+00:00,1783340176.0,YFI,YFI/USDT,🟠上位5%,1.5068,1.308,11.592,0.0027,1.313,0.1887,0.812,1356830.0,2080.0,,,0.09086538461538463,0.25913461538461546,0.12163461538461529,0.05288461538461542,0.3692,-0.0279,1
2026-07-06T12:16:15.846782+00:00,1783340176.0,KSM,KSM/USDT,🟠上位5%,1.4849,1.795,12.862,0.0043,1.22,0.1262,0.58,1724550.0,3.48,,,0.01724137931034475,0.02298850574712641,-0.04022988505747127,-0.06034482758620685,0.0891,-0.0948,0
2026-07-06T12:16:15.846782+00:00,1783340176.0,SCRT,SCRT/USDT,🟠上位5%,1.4611,5.112,3.227,0.0085,2.597,0.1267,0.702,2424762.0,0.0569,,,0.10896309314587005,0.02811950790861162,-0.06502636203866441,-0.34270650263620384,0.1845,-0.3533,0
2026-07-07T14:28:15.303470+00:00,1783434495.0,SCRT,SCRT/USDT,🟠上位5%,1.1708,7.66,0.641,0.0095,2.451,0.0498,0.441,1767853.0,0.0528,0.4815,0.5276,-0.10227272727272729,-0.14015151515151514,-0.2954545454545455,-0.2405303030303031,-0.0189,-0.303,0
2026-07-07T19:16:01.519004+00:00,1783451762.0,BANANA,BANANA/USDT,🔴最上位,2.0836,6.487,18.527,0.0087,2.342,0.1052,0.414,7122253.0,3.244,0.5285,0.6258,0.0006165228113439447,0.016337854500616533,-0.0644266337854501,0.01726263871763245,0.0724,-0.0749,0
2026-07-07T19:16:01.519004+00:00,1783451762.0,ARPA,ARPA/USDT,🟠上位5%,1.19,18.466,-0.071,0.0043,3.161,0.0714,0.169,1090211.0,0.00855,0.502,0.5747,0.002339181286549641,0.01754385964912264,0.0350877192982455,0.015204678362572999,0.1099,-0.0222,0
2026-07-07T19:16:01.519004+00:00,1783451762.0,SUN,SUN/USDT,🟠上位5%,0.9786,2.119,4.599,0.0053,1.625,0.1204,0.869,4175134.0,0.0187,0.5051,0.6411,-0.0016042780748664054,0.0010695187165774556,-0.0010695187165776776,-0.012299465240641738,0.0203,-0.0225,0
2026-07-07T23:31:07.477672+00:00,1783467067.0,SPELL,SPELL/USDT,🟠上位5%,1.0367,5.252,15.057,0.0026,1.682,0.1949,0.282,10200894.0,0.0001085,0.5058,0.6998,0.021198156682027625,-0.06359447004608287,-0.1225806451612903,-0.16497695852534555,0.0922,-0.1742,0
2026-07-08T09:15:27.758525+00:00,1783502128.0,AUCTION,AUCTION/USDT,🔴最上位,1.8527,2.077,9.015,0.0052,1.197,0.0029,0.422,2136623.0,3.42,0.5188,0.7419,-0.0029239766081871066,-0.0292397660818714,-0.014619883040935644,-0.0292397660818714,0.0117,-0.0351,0
2026-07-08T09:15:27.758525+00:00,1783502128.0,YFI,YFI/USDT,🟠上位5%,1.3326,9.935,-0.008,0.0186,1.183,0.1311,0.393,3042876.0,2078.0,0.5005,0.5693,0.005774783445620768,-0.007699711260827691,0.045235803657362794,0.03128007699711266,0.1208,-0.0269,0
2026-07-08T09:15:27.758525+00:00,1783502128.0,TLM,TLM/USDT,🟠上位5%,1.0316,3.514,-0.387,0.0074,2.239,0.0541,0.52,11731728.0,0.002634,0.5084,0.6564,-0.10326499620349283,-0.10478359908883839,-0.09415337889141984,-0.28246013667425973,0.12,-0.3109,0
2026-07-08T16:15:32.834190+00:00,1783527333.0,KAITO,KAITO/USDT,🔴最上位,1.4041,2.392,7.624,0.0049,1.788,0.0253,0.516,18034774.0,0.6375,0.5191,0.4842,0.01945098039215698,0.04752941176470582,0.07388235294117651,0.051294117647058934,0.099,-0.0467,1
2026-07-08T16:15:32.834190+00:00,1783527333.0,KMNO,KMNO/USDT,🟠上位5%,1.3851,1.042,2.188,-0.0005,3.02,0.065,0.892,2696463.0,0.02097,0.4993,0.461,-0.009537434430138214,-0.010968049594658913,-0.044349070100143106,-0.10157367668097284,0.0029,-0.1068,0
2026-07-08T20:46:30.468023+00:00,1783543590.0,LDO,LDO/USDT,🟠上位5%,0.9985,1.482,6.264,0.0011,1.487,0.1732,0.743,15342480.0,0.3149,0.5038,0.5218,0.020006351222610297,0.018736106700539823,-0.05112734201333757,0.02349952365830421,0.0495,-0.0632,0
2026-07-09T08:56:02.307746+00:00,1783587362.0,EGLD,EGLD/USDT,🔴最上位,2.3781,2.266,11.602,0.0064,1.596,0.1273,0.895,2093095.0,3.1,0.5244,0.841,-0.01935483870967747,-0.02903225806451626,-0.06774193548387097,-0.006451612903225823,0.0419,-0.0968,0
2026-07-09T08:56:02.307746+00:00,1783587362.0,ARPA,ARPA/USDT,🟠上位5%,1.0116,1.583,-0.358,0.0037,3.308,-0.1697,0.205,1236736.0,0.00876,0.4905,0.6874,-0.006849315068493289,-0.0091324200913242,-0.0125570776255709,-0.004566210045662156,0.0308,-0.0285,0
2026-07-09T08:56:02.307746+00:00,1783587362.0,ARB,ARB/USDT,🟠上位5%,0.9355,1.055,3.7,0.0015,1.296,0.0735,0.809,11335826.0,0.0864,0.4898,0.5444,-0.003472222222222321,-0.01273148148148151,0.08564814814814792,0.10763888888888884,0.1725,-0.0231,1
2026-07-09T17:25:40.691138+00:00,1783617941.0,SENT,SENT/USDT,🔴最上位,2.6775,9.637,17.827,0.0112,2.268,0.1948,0.571,85802959.0,0.0174,0.4498,0.5943,0.016091954022988686,-0.017816091954022895,-0.15000000000000002,-0.21149425287356316,0.0615,-0.2368,0
2026-07-09T17:25:40.691138+00:00,1783617941.0,YFI,YFI/USDT,🟠上位5%,1.7719,12.556,0.408,0.0236,1.385,0.175,0.459,2073257.0,2162.0,0.5013,0.5602,-0.0027752081406104967,-0.014338575393154529,-0.0027752081406104967,-0.023126734505087843,0.0301,-0.0467,0
2026-07-09T17:25:40.691138+00:00,1783617941.0,BANANA,BANANA/USDT,🟠上位5%,1.1248,5.64,0.189,0.0097,2.285,0.0396,0.406,1009842.0,3.225,0.5161,0.255,-0.0021705426356589674,-0.014883720930232602,0.022945736434108577,0.06852713178294567,0.094,-0.0174,1
2026-07-09T22:51:09.968867+00:00,1783637470.0,SKL,SKL/USDT,🟠上位5%,1.2606,2.284,20.814,0.0026,1.521,0.126,0.564,3787208.0,0.00413,0.51,0.6757,0.029055690072639306,0.0847457627118644,0.18159806295399505,0.07990314769975804,0.54,-0.0266,1
2026-07-09T22:51:09.968867+00:00,1783637470.0,MUBARAK,MUBARAK/USDT,🟠上位5%,1.1169,1.468,3.34,0.0027,2.587,0.0879,0.789,1548965.0,0.0125,0.5232,0.5886,0.0023999999999999577,0.015999999999999792,0.016799999999999926,0.01200000000000001,0.0952,-0.0576,0
2026-07-10T10:36:20.094992+00:00,1783679780.0,VANRY,VANRY/USDT,🔴最上位,2.0968,7.582,-0.181,0.0134,3.773,0.1964,0.564,13263191.0,0.006703,0.5093,0.4368,0.016410562434730602,-0.018349992540653393,-0.11382962852454126,-0.13501417275846628,0.0891,-0.1834,0
2026-07-10T10:36:20.094992+00:00,1783679780.0,RVN,RVN/USDT,🟠上位5%,1.4212,3.774,8.241,0.0017,2.111,0.0649,0.505,4164207.0,0.00411,0.5185,0.6046,-0.024330900243309084,-0.014598540145985495,-0.051094890510948954,-0.08515815085158152,0.0195,-0.1119,0
2026-07-10T17:27:22.280118+00:00,1783704442.0,SENT,SENT/USDT,🔴最上位,1.9944,23.765,6.361,0.0138,0.86,0.033,0.312,233925468.0,0.01503,0.4213,0.6375,-0.019960079840319334,-0.018629407850964785,-0.06852960745176306,-0.02328675981370587,0.004,-0.1271,0
2026-07-10T17:27:22.280118+00:00,1783704442.0,YFI,YFI/USDT,🟠上位5%,1.8777,15.312,-0.009,0.023,1.459,0.1494,0.452,1067005.0,2153.0,0.5036,0.5883,0.0023223409196471145,0.011147236414305706,-0.004644681839294007,0.0023223409196471145,0.019,-0.0543,0
2026-07-10T17:27:22.280118+00:00,1783704442.0,TREE,TREE/USDT,🟠上位5%,1.0584,1.682,10.172,0.0007,2.397,-0.0046,0.365,3441741.0,0.0429,0.4793,0.5103,0.0,0.011655011655011593,0.05827505827505841,-0.018648018648018683,0.0909,-0.0233,0
2026-07-10T21:38:25.914954+00:00,1783719506.0,SXT,SXT/USDT,🟠上位5%,0.9363,8.534,3.797,0.009,1.593,-0.0196,0.15,8115988.0,0.007,0.5056,0.5753,0.005714285714285783,0.04428571428571426,0.3214285714285714,0.1071428571428572,0.5714,0.0,1
2026-07-11T10:44:40.362637+00:00,1783766680.0,VANRY,VANRY/USDT,🟠上位5%,1.581,3.451,-0.207,0.0138,3.121,-0.2044,0.457,6812316.0,0.005942,0.504,0.5229,-0.022383036014809843,-0.057892965331538315,0.1066980814540559,-0.09777852574890611,0.2201,-0.1505,0
2026-07-11T14:37:20.680073+00:00,1783780641.0,ANKR,ANKR/USDT,🔴最上位,1.7534,3.296,21.427,0.0007,1.861,0.0838,0.71,3345107.0,0.00402,0.5042,0.5772,-0.04228855721393032,-0.052238805970149294,-0.08457711442786064,-0.10199004975124382,0.0473,-0.1244,0
2026-07-11T18:06:38.124841+00:00,1783793198.0,TREE,TREE/USDT,🔴最上位,2.071,5.233,12.238,0.0034,4.221,0.0231,0.5,8995949.0,0.0442,0.543,0.7154,0.02488687782805421,0.006787330316742057,-0.00226244343891413,0.015837104072398134,0.0588,-0.0611,0
2026-07-11T18:06:38.124841+00:00,1783793198.0,SENT,SENT/USDT,🟠上位5%,1.37,21.03,-0.314,0.0125,0.83,-0.0578,0.202,2452731.0,0.014,0.419,0.7634,-0.0050000000000000044,-0.0257142857142858,-0.024285714285714244,-0.042857142857142816,0.1114,-0.0629,0
2026-07-11T21:34:28.939829+00:00,1783805669.0,1MBABYDOGE,1MBABYDOGE/USDT,🟠上位5%,1.6146,3.29,28.768,0.0021,1.693,0.1165,0.827,4359977.0,0.0003448,0.4984,0.6079,-0.0617749419953596,-0.05336426914153125,-0.09019721577726214,-0.08787703016241288,0.0102,-0.1259,0
2026-07-12T11:43:58.725050+00:00,1783856639.0,VANRY,VANRY/USDT,🟠上位5%,1.6075,2.265,0.115,0.014,3.091,0.0222,0.545,9311365.0,0.006553,0.5054,0.4734,0.025331909049290502,0.0019838242026553043,-0.12971158248130632,-0.11521440561574847,0.0388,-0.2297,0
2026-07-12T19:57:04.811208+00:00,1783886225.0,TREE,TREE/USDT,🟠上位5%,1.4241,9.417,3.665,0.0056,1.655,0.068,0.479,9480487.0,0.044,0.5223,0.6103,-0.002272727272727204,-0.002272727272727204,-0.0454545454545453,-0.009090909090909038,0.0545,-0.0568,0
2026-07-12T19:57:04.811208+00:00,1783886225.0,SENT,SENT/USDT,🟠上位5%,1.1157,18.573,-0.329,0.0107,0.827,-0.013,0.165,1158982.0,0.01366,0.4166,0.6913,-0.013909224011713128,-0.008052708638360273,0.11493411420204969,-0.023426061493411532,0.1391,-0.0395,0
2026-07-13T10:41:27.544636+00:00,1783939288.0,OPN,OPN/USDT,🟠上位5%,1.3906,13.546,9.5,0.0079,0.353,0.0512,0.17,109379317.0,0.0616,0.3786,0.6191,-0.0016233766233766378,-0.008116883116883078,0.014610389610389518,-0.01461038961038974,0.112,-0.0536,0
2026-07-13T18:06:03.042860+00:00,1783965963.0,DCR,DCR/USDT,🔴最上位,2.2381,5.69,19.132,0.0011,3.072,0.1338,0.306,6919563.0,12.38,0.5107,0.5225,0.015347334410339197,0.008077544426494221,0.06785137318255252,0.0880452342487883,0.1511,-0.0283,1
2026-07-13T18:06:03.042860+00:00,1783965963.0,MUBARAK,MUBARAK/USDT,🟠上位5%,1.4288,1.369,1.134,0.0019,3.144,0.0615,0.911,1048318.0,0.01331,0.5423,0.6569,-0.006761833208114187,0.002253944402704544,-0.04733283245679942,-0.019534184823441048,0.0533,-0.1067,0
2026-07-13T18:06:03.042860+00:00,1783965963.0,VANRY,VANRY/USDT,🟠上位5%,1.3539,1.815,-0.166,0.0138,2.9,-0.2493,0.379,5797594.0,0.0054,0.5033,0.4452,-0.024074074074074026,-0.005555555555555647,0.01796296296296296,-0.017037037037037073,0.1759,-0.0652,0
2026-07-13T18:06:03.042860+00:00,1783965963.0,SXT,SXT/USDT,🟠上位5%,1.2042,11.514,1.728,0.0131,1.128,0.0785,0.306,13447244.0,0.00768,0.5019,0.7459,0.0078125,0.01692708333333326,0.23828124999999978,0.05859375,0.388,-0.0078,1
2026-07-14T06:22:14.812615+00:00,1784010135.0,EGLD,EGLD/USDT,🔴最上位,1.7207,2.022,0.811,0.005,2.534,0.1448,0.989,1475315.0,3.3,0.4898,0.7073,-0.033333333333333326,0.0,-0.009090909090909038,-0.0636363636363636,0.1061,-0.0788,0
2026-07-14T06:22:14.812615+00:00,1784010135.0,XEC,XEC/USDT,🔴最上位,1.7107,8.457,0.327,0.0003,3.402,0.18,0.339,10834778.0,6.03e-06,0.4964,0.7393,-0.023217247097844007,-0.016583747927031545,0.08126036484245436,0.13598673300165842,0.2769,-0.073,1
2026-07-14T06:22:14.812615+00:00,1784010135.0,TREE,TREE/USDT,🟠上位5%,1.4859,13.96,0.369,0.0083,1.041,0.0407,0.427,7670685.0,0.0436,0.5137,0.7207,0.006880733944954143,0.002293577981651529,0.016055045871559592,0.06880733944954143,0.0849,-0.0298,1
2026-07-14T16:43:29.302800+00:00,1784047409.0,TOWNS,TOWNS/USDT,🟠上位5%,1.158,2.521,11.772,0.0005,1.658,0.0098,0.486,7463822.0,0.00205,0.4895,0.6099,0.004878048780487809,-0.014634146341463428,0.07804878048780495,0.06829268292682933,0.1366,-0.0293,1
2026-07-14T20:41:22.964917+00:00,1784061683.0,VANRY,VANRY/USDT,🟠上位5%,1.2573,1.401,0.035,0.0131,2.963,-0.24,0.388,6342113.0,0.005468,0.4996,0.7382,-0.005669348939283059,-0.012070226773957637,0.013899049012435993,-0.016459400146305758,0.1339,-0.0613,0
2026-07-15T07:29:26.075170+00:00,1784100566.0,DCR,DCR/USDT,🔴最上位,1.905,7.471,-0.216,0.0065,3.767,0.1792,0.44,1579044.0,13.11,0.5143,0.8189,0.021357742181540962,0.0389016018306636,0.05797101449275366,-0.041189931350114395,0.0831,-0.074,0
2026-07-15T07:29:26.075170+00:00,1784100566.0,TREE,TREE/USDT,🔴最上位,1.8017,16.28,0.098,0.0109,1.526,0.0255,0.5,16305112.0,0.0443,0.4383,0.5345,-0.011286681715575675,-0.020316027088036037,-0.033860045146726914,-0.16252821670428885,0.1061,-0.1716,0
2026-07-15T07:29:26.075170+00:00,1784100566.0,EGLD,EGLD/USDT,🟠上位5%,1.5058,3.522,-0.134,0.0061,2.931,0.1434,0.691,3571396.0,3.29,0.4953,0.7065,-0.003039513677811634,-0.006079027355623157,-0.054711246200607966,-0.01823708206686936,0.0243,-0.0881,0
2026-07-15T12:54:18.163929+00:00,1784120058.0,ALPINE,ALPINE/USDT,🟠上位5%,1.3881,4.623,8.438,0.0039,1.581,0.0726,0.485,4553472.0,0.34,0.496,0.5467,-0.002941176470588225,-0.050000000000000044,-0.04705882352941182,-0.08823529411764708,0.0353,-0.0941,0
2026-07-15T16:59:34.012781+00:00,1784134774.0,TOWNS,TOWNS/USDT,🟠上位5%,1.4478,5.114,4.006,0.0029,2.818,0.0804,0.608,8995592.0,0.00215,0.498,0.6974,0.041860465116279055,0.0,-0.041860465116278944,-0.027906976744186074,0.0837,-0.0512,0
2026-07-15T16:59:34.012781+00:00,1784134774.0,GNO,GNO/USDT,🟠上位5%,1.3051,2.995,12.934,0.0037,1.605,0.1058,0.26,2531666.0,121.32,0.5436,0.3779,-0.013847675568743778,-0.020359380151665052,-0.053165182987141346,-0.08316848005275301,-0.0037,-0.0902,0
2026-07-16T00:11:26.878114+00:00,1784160687.0,SXT,SXT/USDT,🔴最上位,2.5411,12.154,-0.348,0.0089,3.333,-0.104,0.501,4086282.0,0.00862,0.4851,0.6095,-0.004640371229698181,0.02784222737819042,-0.06612529002320178,-0.13109048723897898,0.0568,-0.1404,0
2026-07-16T09:27:56.195810+00:00,1784194076.0,DCR,DCR/USDT,🟠上位5%,1.7274,8.271,-0.128,0.0089,2.824,0.192,0.492,1248162.0,13.56,0.5184,0.693,0.006637168141592875,0.001474926253687281,-0.02138643067846613,-0.07374631268436582,0.0302,-0.1047,0
2026-07-16T15:46:48.198436+00:00,1784216808.0,TREE,TREE/USDT,🟠上位5%,1.1974,10.547,1.309,0.0128,1.028,-0.0202,0.437,8428625.0,0.0436,0.4202,0.4765,-0.00917431192660545,-0.006880733944954143,-0.07798165137614677,-0.1834862385321101,0.1239,-0.1858,0
2026-07-17T07:34:34.712210+00:00,1784273675.0,SXT,SXT/USDT,🟠上位5%,2.0257,9.403,-0.337,0.0092,3.222,-0.0136,0.371,1136395.0,0.00802,0.4848,0.6097,0.006234413965087393,-0.05112219451371569,-0.04862842892768082,-0.11346633416458851,0.0162,-0.1247,0
2026-07-17T07:34:34.712210+00:00,1784273675.0,TOWNS,TOWNS/USDT,🟠上位5%,1.4399,7.942,0.379,0.0041,2.071,0.1,0.582,5839068.0,0.0021,0.507,0.7572,0.05238095238095242,0.057142857142857384,0.023809523809523947,0.08095238095238089,0.1857,-0.019,1
2026-07-17T16:46:14.853870+00:00,1784306775.0,TREE,TREE/USDT,🔴最上位,2.5463,22.438,20.535,0.0153,0.289,-0.0718,0.191,90421373.0,0.0401,0.4561,0.5556,-0.0024937655860347574,-0.012468827930174453,-0.07980049875311712,-0.07231920199501252,0.01,-0.1521,0
2026-07-17T16:46:14.853870+00:00,1784306775.0,ONE,ONE/USDT,🟠上位5%,1.2422,2.903,25.252,0.0002,1.157,-0.0085,0.152,1884774.0,0.00117,0.4643,0.5065,0.0,0.008547008547008517,-0.02564102564102566,-0.03418803418803429,0.0684,-0.0598,0
2026-07-17T20:15:53.984948+00:00,1784319354.0,DODO,DODO/USDT,🟠上位5%,1.1707,8.162,1.317,0.0069,1.844,0.0026,0.565,6245131.0,0.02354,0.4976,0.5111,0.005947323704333041,-0.01274426508071358,-0.07943925233644866,-0.2298215802888699,0.0497,-0.2332,0
2026-07-17T23:38:04.153943+00:00,1784331484.0,KGST,KGST/USDT,🟠上位5%,1.8227,9.405,27.419,0.0062,0.323,-0.0001,0.895,2460418.0,0.011442,0.4975,0.4022,0.00017479461632574633,0.00017479461632574633,8.739730816276214e-05,0.00017479461632574633,0.0003,-0.0001,0
2026-07-18T11:30:18.248745+00:00,1784374218.0,KITE,KITE/USDT,🟠上位5%,1.7275,9.026,17.812,0.0041,0.29,-0.1341,0.123,79040804.0,0.1125,0.4985,0.5162,-0.003555555555555534,-0.040888888888888975,-0.03111111111111109,0.052444444444444516,0.0693,-0.056,1
2026-07-18T11:30:18.248745+00:00,1784374218.0,TOWNS,TOWNS/USDT,🟠上位5%,1.5786,10.696,1.054,0.0057,1.96,0.139,0.642,8686217.0,0.00212,0.5147,0.5507,0.004716981132075526,-0.014150943396226467,0.05660377358490565,-0.04245283018867918,0.2642,-0.0472,0
2026-07-18T18:39:47.140564+00:00,1784399987.0,TREE,TREE/USDT,🟠上位5%,1.0882,17.448,-0.221,0.0141,0.285,-0.1259,0.039,1872506.0,0.0368,0.4545,0.6937,-0.0027173913043476716,-0.0027173913043476716,-0.048913043478260754,0.048913043478260976,0.337,-0.0761,0
2026-07-19T07:17:17.997692+00:00,1784445438.0,QTUM,QTUM/USDT,🟠上位5%,1.3617,3.52,5.762,0.0024,1.476,0.0291,0.611,1583533.0,0.708,0.5845,0.6602,-0.009887005649717562,0.009887005649717562,0.0014124293785311437,-0.009887005649717562,0.0438,-0.0198,0
2026-07-19T07:17:17.997692+00:00,1784445438.0,KAITO,KAITO/USDT,🟠上位5%,0.97,1.453,-0.522,0.0013,2.398,0.1834,0.947,3816981.0,0.9207,0.5157,0.4804,-0.005647876615618497,0.04192462256978402,0.05474095796676437,0.015531660692951199,0.1187,-0.0356,0
2026-07-19T11:39:24.324300+00:00,1784461164.0,TOWNS,TOWNS/USDT,🔴最上位,1.5011,7.595,1.688,0.0068,2.135,0.1127,0.851,8490409.0,0.00226,0.5261,0.6728,0.02212389380530988,0.0486725663716816,0.026548672566371723,-0.12389380530973448,0.1858,-0.1504,0
2026-07-19T11:39:24.324300+00:00,1784461164.0,NEO,NEO/USDT,🟠上位5%,0.9277,2.085,5.913,0.0006,1.242,0.0489,0.595,2457154.0,2.081,0.5104,0.5452,-0.016338298894762016,-0.02066314271984626,-0.04180682364247956,-0.03027390677558872,0.0043,-0.0481,0
2026-07-19T15:32:53.680618+00:00,1784475174.0,SOLV,SOLV/USDT,🔴最上位,1.5173,3.491,33.836,-0.0002,1.096,0.0149,0.22,3762295.0,0.00273,0.4982,0.5964,-0.04029304029304026,-0.04761904761904756,-0.05128205128205121,-0.04761904761904756,0.0037,-0.1136,0
2026-07-19T19:58:31.697117+00:00,1784491112.0,KGST,KGST/USDT,🟠上位5%,1.2144,12.038,3.121,0.0084,0.422,-0.0001,0.921,1542361.0,0.011444,0.4965,0.3856,0.0,-8.73820342537357e-05,0.0,0.0001747640685074714,0.0003,-0.0003,0
2026-07-20T10:23:41.336022+00:00,1784543021.0,KITE,KITE/USDT,🔴最上位,1.6892,16.598,7.157,0.0069,0.621,-0.1351,0.093,111988578.0,0.1089,0.5046,0.4461,0.02203856749311295,0.05785123966942152,0.07713498622589543,0.04224058769513328,0.1818,0.0028,0
2026-07-20T10:23:41.336022+00:00,1784543021.0,XEC,XEC/USDT,🟠上位5%,0.9899,4.517,-0.219,0.0078,2.99,0.1918,0.552,3556140.0,7.84e-06,0.523,0.7282,-0.007653061224489721,-0.005102040816326481,-0.10841836734693877,-0.06505102040816324,0.111,-0.1263,0
2026-07-20T16:16:29.449413+00:00,1784564189.0,TOWNS,TOWNS/USDT,🔴最上位,1.7347,8.743,5.101,0.0097,3.405,0.1349,0.892,24201684.0,0.00243,0.5272,0.6988,-0.004115226337448541,0.004115226337448652,-0.1563786008230451,-0.18930041152263377,0.1029,-0.2099,0
2026-07-20T16:16:29.449413+00:00,1784564189.0,TURTLE,TURTLE/USDT,🟠上位5%,1.4142,2.464,19.801,-0.0004,1.249,0.1657,0.911,1810013.0,0.0394,0.531,0.5714,-0.048223350253807085,-0.08375634517766495,-0.09898477157360408,-0.10152284263959388,-0.0152,-0.1091,0
2026-07-20T20:54:53.627776+00:00,1784580894.0,KGST,KGST/USDT,🟠上位5%,1.4209,14.61,3.843,0.01,0.697,0.0001,0.895,2179305.0,0.011442,0.4961,0.3891,0.00017479461632574633,8.739730816276214e-05,0.00034958923265149267,0.00034958923265149267,0.0004,-0.0001,0
2026-07-21T16:06:05.395054+00:00,1784649965.0,KITE,KITE/USDT,🟠上位5%,1.5235,16.1,0.443,0.0077,3.041,-0.0271,0.238,27938649.0,0.1183,0.5057,0.4947,-0.0033812341504648735,-0.006762468300929969,0.017751479289940697,-0.08030431107354197,0.0879,-0.0879,0
2026-07-21T20:48:27.176897+00:00,1784666907.0,TOWNS,TOWNS/USDT,🔴最上位,2.1856,13.023,-0.119,0.0106,4.88,-0.029,0.316,39400908.0,0.00201,0.5026,0.632,-0.029850746268656803,-0.029850746268656803,0.02985074626865658,0.12437810945273631,0.1443,-0.0498,1
2026-07-22T00:05:00.939254+00:00,1784678701.0,PROM,PROM/USDT,🟠上位5%,1.3986,9.554,-0.437,0.0025,2.683,0.1747,0.316,4274707.0,1.521,0.4958,0.5041,-0.041420118343195256,-0.08809993425378038,-0.04339250493096636,0.24326101249178178,0.3958,-0.1164,1
2026-07-22T00:05:00.939254+00:00,1784678701.0,ONE,ONE/USDT,🟠上位5%,1.323,5.73,-0.409,0.0036,2.891,0.1681,0.362,7186896.0,0.0014,0.4927,0.5893,-0.0357142857142857,-0.07142857142857151,-0.08571428571428563,-0.06428571428571428,0.0357,-0.1357,0
2026-07-22T10:06:40.431604+00:00,1784714800.0,KGST,KGST/USDT,🟠上位5%,1.3531,10.202,-0.465,0.0095,1.68,0.0001,0.921,4134042.0,0.011445,0.4961,0.4645,0.0,-8.737439930106561e-05,-8.737439930106561e-05,-8.737439930106561e-05,0.0002,-0.0002,0
2026-07-22T16:07:13.834159+00:00,1784736434.0,LISTA,LISTA/USDT,🟠上位5%,1.8075,2.617,17.378,0.0017,2.007,0.1771,0.518,3432151.0,0.0548,0.5473,0.685,-0.07116788321167888,-0.08029197080291972,-0.12226277372262784,-0.12043795620437958,-0.0274,-0.2044,0
2026-07-22T16:07:13.834159+00:00,1784736434.0,KITE,KITE/USDT,🟠上位5%,1.5556,14.233,0.609,0.0085,3.418,0.0804,0.303,34156427.0,0.1221,0.5089,0.5755,-0.008190008190008147,-0.0229320229320229,-0.06797706797706804,-0.14578214578214577,0.0541,-0.1482,0
2026-07-22T21:54:23.786238+00:00,1784757264.0,TOWNS,TOWNS/USDT,🟠上位5%,1.7626,10.069,-0.278,0.0096,4.951,-0.0415,0.388,1452356.0,0.00208,0.4979,0.5049,0.004807692307692291,-0.01442307692307676,-0.0576923076923076,0.03846153846153855,0.1058,-0.0817,0
2026-07-23T01:29:13.039963+00:00,1784770153.0,PROM,PROM/USDT,🟠上位5%,1.4215,11.425,-0.404,0.0067,3.167,0.1145,0.284,2585693.0,1.472,0.4941,0.5793,-0.04619565217391308,0.08899456521739135,0.3532608695652175,0.375,0.5082,-0.0543,1
2026-07-23T01:29:13.039963+00:00,1784770153.0,XNO,XNO/USDT,🟠上位5%,1.0804,10.231,-0.478,0.0117,1.732,0.1221,0.282,1088969.0,0.388,0.4987,0.8202,0.0,0.04896907216494828,0.020618556701030855,0.005154639175257714,0.2062,-0.0309,0
2026-07-23T10:57:06.972439+00:00,1784804227.0,VANA,VANA/USDT,🟠上位5%,1.4222,4.084,3.748,0.0107,2.805,0.0754,0.618,14424227.0,1.213,0.5075,0.6235,0.0032976092333059093,0.01154163231657046,0.03792250618301707,-0.0412201154163232,0.0989,-0.0676,0
2026-07-23T14:59:15.059631+00:00,1784818755.0,WLFI,WLFI/USDT,🟠上位5%,1.1487,1.982,13.121,0.0004,1.549,0.0721,0.584,31509915.0,0.061,0.4897,0.5533,-0.013114754098360715,-0.01967213114754096,-0.050819672131147464,-0.09672131147540974,0.0016,-0.1016,0
2026-07-23T20:06:07.004389+00:00,1784837167.0,KGST,KGST/USDT,🟠上位5%,1.506,16.329,1.473,0.0138,1.142,0.0003,0.947,3273385.0,0.011445,0.4974,0.411,0.0,0.0,-8.737439930106561e-05,0.0,0.0002,-0.0002,0
2026-07-23T20:06:07.004389+00:00,1784837167.0,BMT,BMT/USDT,🟠上位5%,1.0735,2.504,8.747,0.0016,2.344,0.0897,0.574,1455135.0,0.01265,0.557,0.7355,-0.011067193675889264,-0.010276679841897174,-0.05138339920948609,-0.060079051383399196,0.0111,-0.0735,0
2026-07-24T04:58:16.617372+00:00,1784869097.0,BANK,BANK/USDT,🔴最上位,2.201,5.386,-0.201,0.0135,4.037,0.1528,0.744,62063853.0,0.2611,0.5085,0.2271,0.03025660666411345,0.12523937188816547,0.22520107238605913,0.5147453083109921,0.553,-0.1176,1
2026-07-24T04:58:16.617372+00:00,1784869097.0,PROM,PROM/USDT,🔴最上位,1.6502,9.268,0.279,0.0103,2.91,0.1114,0.478,4331249.0,1.772,0.5013,0.5378,-0.060383747178329616,-0.11512415349887128,0.09424379232505653,0.14616252821670428,0.2528,-0.1377,1
2026-07-24T04:58:16.617372+00:00,1784869097.0,DEXE,DEXE/USDT,🟠上位5%,1.1168,21.499,2.104,0.0129,0.381,-0.9441,0.008,55622905.0,1.941,0.4999,0.6374,0.08655332302936625,0.4909840288511076,1.5182895414734672,0.6409067490984028,2.323,-0.0366,1
2026-07-24T12:10:52.509533+00:00,1784895053.0,VANA,VANA/USDT,🔴最上位,5.2362,19.883,21.25,0.0141,10.035,0.0915,0.761,76265498.0,1.265,0.5418,0.4216,-0.0015810276679841806,-0.034782608695652084,-0.08142292490118574,-0.059288537549407105,0.0538,-0.1059,0
2026-07-24T18:09:29.528963+00:00,1784916570.0,TOWNS,TOWNS/USDT,🟠上位5%,1.7112,5.876,-0.305,0.0069,4.847,-0.0307,0.52,1159254.0,0.0022,0.4893,0.6932,0.009090909090909038,0.013636363636363669,-0.00909090909090915,-0.08636363636363642,0.0409,-0.0909,0
2026-07-25T07:08:05.500780+00:00,1784963286.0,BANK,BANK/USDT,🔴最上位,2.2634,4.364,-0.494,0.0118,4.98,0.1888,0.929,46929016.0,0.3178,0.5054,0.465,0.017621145374449254,0.020453115166771507,0.17243549402139702,0.07835116425424782,0.8722,-0.1806,1
2026-07-25T07:08:05.500780+00:00,1784963286.0,DEXE,DEXE/USDT,🟠上位5%,1.9508,44.05,1.244,0.0147,1.627,-0.8538,0.076,155559808.0,5.178,0.5025,0.5786,0.07319428350714574,-0.19273850907686374,-0.280030899961375,-0.3514870606411742,0.2457,-0.5375,0
2026-07-25T11:00:02.869596+00:00,1784977203.0,PROM,PROM/USDT,🟠上位5%,1.1671,4.296,0.803,0.0106,2.547,0.066,0.664,5477547.0,2.069,0.4965,0.4627,-0.016916384726921252,-0.06718221362977284,-0.0768487191880135,-0.04784920251329139,0.059,-0.1228,0
2026-07-26T01:28:42.520040+00:00,1785029323.0,VANA,VANA/USDT,🟠上位5%,1.532,26.783,-0.187,0.0143,0.371,0.0118,0.551,31488926.0,1.199,0.5439,0.5617,-0.006672226855713115,-0.025854879065888348,-0.010842368640533895,0.0350291909924938,0.045,-0.0342,0
2026-07-26T01:28:42.520040+00:00,1785029323.0,ERA,ERA/USDT,🟠上位5%,1.142,4.843,-0.392,0.0097,3.307,-0.0964,0.245,1532027.0,0.0834,0.5032,0.8335,-0.0455635491606714,-0.0539568345323741,-0.07553956834532372,-0.19064748201438841,0.0084,-0.2074,0
2026-07-26T08:04:15.423687+00:00,1785053055.0,DEXE,DEXE/USDT,🔴最上位,1.9039,40.904,0.746,0.0169,1.899,-0.4079,0.044,185543831.0,3.677,0.492,0.4597,0.020125101985314142,-0.0024476475387543717,-0.2888224095730214,-0.23116671199347294,0.0849,-0.3487,0
2026-07-26T10:26:56.031735+00:00,1785061616.0,LPT,LPT/USDT,🔴最上位,1.8252,3.034,23.059,0.0026,2.259,0.1654,0.779,4276221.0,1.699,0.4958,0.732,-0.08887580929958805,-0.1253678634490878,-0.15244261330194242,-0.2012948793407887,0.0029,-0.2131,0
2026-07-27T01:46:40.688015+00:00,1785116801.0,ZAMA,ZAMA/USDT,🔴最上位,1.8824,4.393,-0.635,0.0051,6.534,0.1421,0.706,17202698.0,0.05442,0.4817,0.6416,0.014700477765527298,0.03895626607864755,0.12789415656008818,-0.03638368246968027,0.226,-0.0281,0
2026-07-27T01:46:40.688015+00:00,1785116801.0,VANA,VANA/USDT,🟠上位5%,1.4631,28.254,-0.391,0.0135,0.82,-0.0117,0.453,50253353.0,1.187,0.5411,0.5624,-0.005897219882055715,-0.011794439764111209,0.016849199663016012,-0.10951979780960419,0.0649,-0.1036,0
2026-07-27T09:23:48.922217+00:00,1785144229.0,NIL,NIL/USDT,🟠上位5%,1.8222,2.399,10.565,0.0024,2.088,0.1749,0.76,6354296.0,0.04278,0.5205,0.6733,0.0402057035998129,0.048387096774193505,-0.13697989714820002,-0.202664796633941,0.1524,-0.2239,0
2026-07-27T09:23:48.922217+00:00,1785144229.0,DEXE,DEXE/USDT,🟠上位5%,1.4241,32.866,0.386,0.017,1.343,-0.4155,0.022,60422081.0,2.598,0.4849,0.8498,0.014626635873749239,0.06043110084680525,0.2663587374903773,-0.034642032332563466,0.3764,-0.0781,0
2026-07-28T01:21:15.118639+00:00,1785201675.0,PROM,PROM/USDT,🟠上位5%,1.2279,2.181,-0.62,0.0061,3.022,0.1298,0.628,1631488.0,2.022,0.5064,0.6676,-0.041048466864490485,-0.04896142433234407,0.04055390702274986,-0.1543026706231453,0.0673,-0.184,0
2026-07-28T04:51:34.865731+00:00,1785214295.0,ZAMA,ZAMA/USDT,🔴最上位,3.0979,3.35,-0.435,0.0062,8.765,0.1798,0.891,23663403.0,0.06273,0.4931,0.6034,0.015144269089749862,-0.021201976725649496,0.01865136298421821,-0.13597959509006852,0.045,-0.1763,0
2026-07-28T04:51:34.865731+00:00,1785214295.0,VANA,VANA/USDT,🟠上位5%,1.4105,19.835,-0.313,0.0142,0.954,-0.0316,0.488,13433257.0,1.197,0.5409,0.4775,-0.013366750208855471,0.009189640768588081,0.044277360066833804,-0.24394319131161235,0.056,-0.2723,0
2026-07-28T07:30:13.407099+00:00,1785223813.0,ACH,ACH/USDT,🟠上位5%,1.6879,2.635,12.159,0.0027,1.645,0.0335,0.242,4392833.0,0.00433,0.5001,0.6825,-0.05773672055427237,-0.05542725173210161,0.07159353348729791,0.036951501154734556,0.254,-0.0739,0
2026-07-28T07:30:13.407099+00:00,1785223813.0,DGB,DGB/USDT,🟠上位5%,1.2692,1.949,0.192,0.0059,3.806,0.1192,0.598,3084731.0,0.00385,0.5013,0.7848,0.01558441558441559,-0.010389610389610393,0.1350649350649349,0.036363636363636154,0.1558,-0.0519,0
2026-07-28T12:28:54.727628+00:00,1785241735.0,DIA,DIA/USDT,🟠上位5%,1.4182,34.428,0.53,0.0131,0.866,0.1869,0.194,4422282.0,0.1196,0.5018,0.5942,-0.0025083612040133207,-0.044314381270903036,-0.013377926421404673,-0.06688963210702337,0.1697,-0.1697,0
2026-07-28T12:28:54.727628+00:00,1785241735.0,UMA,UMA/USDT,🟠上位5%,1.1972,4.162,8.578,-0.0005,3.229,0.0138,0.142,3160012.0,0.367,0.5041,0.5617,-0.008174386920980936,-0.010899182561307952,-0.07629427792915522,-0.0708446866485013,0.0109,-0.1253,0
2026-07-29T04:56:57.980914+00:00,1785301018.0,ZAMA,ZAMA/USDT,🔴最上位,3.3814,2.785,-0.666,0.006,9.187,0.1852,0.91,16494801.0,0.0634,0.5051,0.4987,0.005678233438485725,-0.001104100946372255,-0.0891167192429021,-0.13138801261829647,0.0339,-0.2114,0
2026-07-29T04:56:57.980914+00:00,1785301018.0,PROM,PROM/USDT,🟠上位5%,1.2118,1.425,-0.536,0.0072,3.026,0.1719,0.655,1164739.0,2.06,0.5112,0.526,-0.02766990291262128,-0.04320388349514559,-0.0587378640776699,-0.1747572815533981,-0.0019,-0.2189,0
2026-07-29T04:56:57.980914+00:00,1785301018.0,VANA,VANA/USDT,🟠上位5%,1.1186,5.888,0.113,0.0144,1.133,0.0024,0.63,23755131.0,1.239,0.5277,0.5154,0.014527845036319542,-0.08393866020984675,-0.1565778853914448,-0.2792574656981437,0.0202,-0.297,0
2026-07-29T07:38:06.570510+00:00,1785310687.0,FLOW,FLOW/USDT,🟠上位5%,1.0972,1.956,4.034,0.0027,1.004,0.0896,0.641,1457177.0,0.02722,0.4913,0.6865,-0.010286554004408588,0.01285819250551068,-0.011388684790595183,0.10727406318883159,0.1672,-0.0309,1
2026-07-29T10:26:38.507534+00:00,1785320799.0,ACH,ACH/USDT,🟠上位5%,1.286,4.962,1.508,0.0042,2.794,0.1951,0.695,3952323.0,0.00494,0.5064,0.6248,-0.012145748987854255,-0.010121457489878471,-0.046558704453441346,-0.082995951417004,0.0992,-0.1053,0
2026-07-29T12:54:07.007831+00:00,1785329647.0,ENSO,ENSO/USDT,🟠上位5%,1.3171,1.344,0.186,0.0027,3.597,0.0921,0.954,2076246.0,0.866,0.526,0.5962,-0.002309468822170868,-0.0011547344110854896,-0.0161662817551963,0.06928406466512715,0.127,-0.0508,1
2026-07-29T12:54:07.007831+00:00,1785329647.0,DIA,DIA/USDT,🟠上位5%,1.2088,36.817,0.099,0.0132,0.717,0.1403,0.137,2554631.0,0.113,0.4996,0.3858,0.023893805309734395,0.11769911504424768,-0.036283185840708,-0.023893805309734617,0.2381,-0.1212,0
2026-07-29T22:45:37.246985+00:00,1785365137.0,HOLO,HOLO/USDT,🟠上位5%,1.2127,2.941,5.478,0.0021,2.037,0.1456,0.855,5276202.0,0.0771,0.491,0.5263,0.015564202334630295,0.0025940337224383825,-0.10635538261997401,-0.1582360570687419,0.1089,-0.166,0
2026-07-30T01:15:12.549008+00:00,1785374113.0,EUL,EUL/USDT,🟠上位5%,1.7977,11.207,-0.354,0.0151,2.92,-0.197,0.345,19124875.0,1.559,0.5092,0.8039,-0.035920461834509365,-0.07504810776138549,-0.0840282232200128,0.026298909557408656,0.1418,-0.1616,0
2026-07-30T07:25:26.202382+00:00,1785396326.0,ZAMA,ZAMA/USDT,🔴最上位,2.5783,2.182,-0.105,0.0063,5.769,0.0624,0.782,18977420.0,0.05885,0.5031,0.4009,-0.039422259983007746,-0.058283772302463954,-0.07935429056924381,-0.08088360237892944,0.0044,-0.1524,0
2026-07-30T12:21:49.931396+00:00,1785414110.0,ACH,ACH/USDT,🟠上位5%,1.2863,8.035,0.994,0.0059,2.629,0.1436,0.486,4936405.0,0.0047,0.4998,0.643,0.0,-0.04893617021276597,0.004255319148936287,-0.06808510638297871,0.0511,-0.0745,0
2026-07-30T14:59:30.319153+00:00,1785423570.0,ENSO,ENSO/USDT,🔴最上位,1.4422,1.305,-0.405,0.0027,3.787,0.0446,0.865,1174725.0,0.842,0.5066,0.5853,0.009501187648456089,0.008313539192398967,0.07244655581947756,0.10332541567695963,0.1591,-0.0238,1
2026-07-30T16:25:50.458219+00:00,1785428750.0,RLC,RLC/USDT,🟠上位5%,1.3593,3.347,6.614,0.0035,2.066,0.0317,0.457,1090707.0,0.2821,0.5155,0.4774,0.035448422545196756,0.04182913860333204,0.014533853243530626,-0.05636299184686289,0.3332,-0.0737,0
2026-07-30T20:10:14.434179+00:00,1785442214.0,UNI,UNI/USDT,🟠上位5%,1.3625,1.256,1.639,0.0004,3.215,0.1973,0.953,30736983.0,4.396,0.5105,0.564,0.0036396724294813776,0.017288444040036488,-0.02547770700636942,-0.037989080982711476,0.0412,-0.0864,0
2026-07-31T05:54:24.072498+00:00,1785477264.0,CFX,CFX/USDT,🟠上位5%,1.8363,2.292,19.438,-0.0006,1.581,0.0482,0.603,5651383.0,0.04643,0.4339,0.5565,-0.020891664871850013,-0.11738100366142568,-0.09390480292914061,-0.11695024768468654,0.0032,-0.1292,0
2026-07-31T08:29:21.652140+00:00,1785486562.0,ZAMA,ZAMA/USDT,🟠上位5%,1.5368,1.925,-0.587,0.0055,4.002,-0.071,0.655,10644672.0,0.0543,0.5021,0.5746,-0.021362799263351828,-0.05727440147329654,0.013075506445672236,-0.05930018416206262,0.0554,-0.1346,0
2026-07-31T11:15:46.060936+00:00,1785496546.0,EUL,EUL/USDT,🟠上位5%,1.0823,13.599,11.075,0.0207,0.553,-0.4017,0.241,95899215.0,1.373,0.513,0.7606,-0.018208302986161606,-0.004369992716678817,0.016023306627822365,0.06045156591405676,0.2964,-0.0481,1
2026-07-31T15:52:24.553074+00:00,1785513145.0,ENSO,ENSO/USDT,🔴最上位,2.2969,1.374,-0.039,0.003,5.178,0.1432,0.987,1510649.0,0.907,0.5073,0.5224,-0.003307607497243681,-0.013230429988974612,0.015435501653803696,0.0022050716648291946,0.0761,-0.0937,0
2026-07-31T15:52:24.553074+00:00,1785513145.0,BOME,BOME/USDT,🟠上位5%,1.1115,3.613,0.169,0.006,2.286,0.1411,0.902,1956121.0,0.000609,0.4921,0.4546,-0.004761904761904634,-0.029885057471264243,-0.05648604269293922,-0.025944170771756925,0.0493,-0.0915,0
2026-07-31T19:04:06.490370+00:00,1785524646.0,ACH,ACH/USDT,🟠上位5%,1.0492,9.024,0.387,0.0062,2.41,0.1462,0.599,1608845.0,0.00486,0.5006,0.64,-0.030864197530864224,-0.03703703703703698,-0.08641975308641958,-0.1172839506172838,0.0,-0.1317,0
2026-07-31T20:51:09.302629+00:00,1785531069.0,1000SATS,1000SATS/USDT,🟠上位5%,1.217,2.075,18.562,0.0019,1.907,0.0714,0.819,2517681.0,1.033e-05,0.495,0.5798,0.028073572120038692,0.2052274927395934,0.03581800580832528,-0.01742497579864477,0.3069,-0.0561,0
2026-08-01T05:16:48.923140+00:00,1785561409.0,BABY,BABY/USDT,🟠上位5%,1.559,2.139,12.256,0.0023,1.139,0.0984,0.493,3229795.0,0.01269,0.5549,0.7234,0.011032308904649346,-0.027580772261623254,-0.09377462568951933,-0.17100078802206464,0.0221,-0.1805,0
2026-08-01T09:56:41.497559+00:00,1785578201.0,MIRA,MIRA/USDT,🔴最上位,3.3169,17.823,21.926,0.0142,3.774,0.0921,0.141,95150608.0,0.0427,0.3856,0.6654,0.0023419203747072626,0.004683840749414525,-0.02576112412178,-0.04449648711943788,0.0679,-0.0585,0
2026-08-01T09:56:41.497559+00:00,1785578201.0,ZAMA,ZAMA/USDT,🟠上位5%,1.4419,1.512,-0.455,0.0049,3.706,-0.0865,0.681,9624610.0,0.05523,0.4944,0.5012,0.015028064457722312,-0.044178888285352214,-0.06626833242802832,-0.11316313597682415,0.0185,-0.1492,0
2026-08-01T12:51:20.873350+00:00,1785588681.0,AEVO,AEVO/USDT,🟠上位5%,1.1874,1.432,17.257,0.0038,1.658,0.1184,0.52,2416364.0,0.0205,0.5347,0.7001,0.04585365853658541,0.022439024390243922,-0.034634146341463556,-0.07512195121951215,0.2683,-0.0995,0
2026-08-01T15:50:51.934446+00:00,1785599452.0,EUL,EUL/USDT,🟠上位5%,1.0381,12.977,0.676,0.0215,0.672,-0.0432,0.351,21737937.0,1.57,0.5156,0.6124,-0.03821656050955413,-0.03885350318471348,-0.08853503184713374,-0.09363057324840762,0.0656,-0.1299,0
2026-08-01T16:44:53.042615+00:00,1785602693.0,ENSO,ENSO/USDT,🔴最上位,2.3073,1.652,1.562,0.0046,5.512,0.1104,0.831,3377932.0,0.918,0.5043,0.5732,0.015250544662309462,-0.01089324618736387,0.004357298474945592,-0.03376906318082795,0.0501,-0.0686,0
2026-08-01T22:42:23.858316+00:00,1785624144.0,1000SATS,1000SATS/USDT,🟠上位5%,2.1867,7.348,20.747,0.0039,4.504,0.1786,0.458,11294356.0,1.089e-05,0.4944,0.5448,0.04132231404958664,0.03948576675849402,-0.029384756657483968,-0.1193755739210286,0.101,-0.1212,0
2026-08-02T08:01:07.054399+00:00,1785657667.0,ERA,ERA/USDT,🟠上位5%,1.3676,6.715,9.449,0.0089,0.606,-0.0305,0.07,48820127.0,0.0669,0.5047,0.5221,-0.01644245142002998,-0.025411061285500858,-0.025411061285500858,-0.03139013452914807,0.0643,-0.0613,0
2026-08-02T10:23:40.688314+00:00,1785666221.0,MIRA,MIRA/USDT,🔴最上位,2.3201,18.855,0.005,0.0143,3.262,0.0097,0.103,10106073.0,0.0415,0.4079,0.4705,0.004819277108433662,0.009638554216867323,0.014457831325301207,-0.004819277108433662,0.0988,-0.0337,0
2026-08-02T16:43:39.990403+00:00,1785689020.0,EUL,EUL/USDT,🟠上位5%,1.3522,14.193,1.957,0.0227,0.529,-0.0766,0.275,46432193.0,1.434,0.5028,0.6457,-0.012552301255230103,-0.013947001394700176,0.04323570432357049,-0.009065550906555031,0.0837,-0.0474,0
2026-08-02T17:51:15.587652+00:00,1785693076.0,ENSO,ENSO/USDT,🔴最上位,2.222,1.433,-0.353,0.0042,4.678,0.0934,0.851,1484001.0,0.925,0.4988,0.6361,-0.00432432432432428,-0.014054054054054022,-0.017297297297297343,-0.014054054054054022,0.0422,-0.0757,0
2026-08-02T22:43:16.119063+00:00,1785710596.0,1000SATS,1000SATS/USDT,🟠上位5%,1.2714,9.448,1.502,0.0052,2.369,0.1636,0.398,3954559.0,1.06e-05,0.4906,0.5592,-0.009433962264151052,-0.031132075471698162,-0.04622641509433967,-0.10094339622641513,0.0085,-0.1113,0
2026-08-03T01:28:28.946683+00:00,1785720509.0,BOME,BOME/USDT,🟠上位5%,1.3277,1.541,-0.92,0.0032,2.375,0.066,0.811,1816904.0,0.000593,0.5036,0.496,0.014502529510961093,0.001686340640809414,-0.01382799325463746,0.016526138279932656,0.0423,-0.0462,0
2026-08-03T12:16:42.052816+00:00,1785759402.0,MIRA,MIRA/USDT,🔴最上位,3.8561,31.489,5.169,0.0159,5.092,0.0195,0.112,95327627.0,0.0418,0.3938,0.6178,0.004784688995215447,-0.009569377990430561,-0.03588516746411474,-0.007177033492822837,0.1507,-0.055,0
2026-08-03T15:35:43.144818+00:00,1785771343.0,WAXP,WAXP/USDT,🟠上位5%,1.6903,5.128,19.201,0.0046,2.177,0.1806,0.587,2834415.0,0.00426,0.5128,0.5306,0.0046948356807512415,-0.018779342723004744,-0.10563380281690138,-0.09389671361502339,0.0141,-0.1502,0
2026-08-03T15:35:43.144818+00:00,1785771343.0,ACX,ACX/USDT,🟠上位5%,1.2817,4.17,13.827,0.0038,1.508,0.0239,0.803,2878693.0,0.04111,0.4928,0.2721,-0.00900024324981763,-0.00875699343225489,-0.07297494526879111,-0.0440282169788373,0.3335,-0.1219,0
2026-08-03T19:15:25.320018+00:00,1785784525.0,ENSO,ENSO/USDT,🟠上位5%,1.5948,1.352,-0.223,0.0037,3.867,0.0678,0.817,1285313.0,0.914,0.4956,0.6455,0.004376367614879584,0.012035010940919078,-0.010940919037199182,0.11487964989059063,0.0952,-0.0646,1
2026-08-04T02:02:52.723555+00:00,1785808973.0,1000SATS,1000SATS/USDT,🟠上位5%,1.2911,11.751,-0.402,0.0045,2.093,0.1144,0.301,1530260.0,1.013e-05,0.4868,0.543,-0.022704837117472843,-0.024679170779861703,-0.05429417571569595,-0.02961500493583402,0.0049,-0.0701,0
2026-08-04T05:36:41.587769+00:00,1785821802.0,HFT,HFT/USDT,🟠上位5%,1.2119,3.808,3.863,0.0077,1.19,0.0555,0.36,5908359.0,0.009209,0.5004,0.289,0.011944836572917783,0.05766098382017604,0.8100770984906069,1.6781409490715604,3.1055,-0.0358,1
2026-08-04T08:14:17.063779+00:00,1785831257.0,ERA,ERA/USDT,🟠上位5%,1.5622,21.974,3.201,0.0094,0.873,0.062,0.088,74075346.0,0.0685,0.3525,0.69,-0.045255474452554845,-0.0627737226277374,-0.05401459854014612,-0.007299270072992692,0.1723,-0.0745,0
2026-08-04T13:41:09.921981+00:00,1785850870.0,MIRA,MIRA/USDT,🟠上位5%,1.3915,26.146,-0.147,0.0152,0.838,-0.078,0.061,6440265.0,0.0403,0.3925,0.4667,0.007444168734491274,0.012406947890818865,0.05459057071960305,0.05459057071960305,0.1935,-0.0199,1
2026-08-04T18:20:59.501035+00:00,1785867660.0,STO,STO/USDT,🟠上位5%,1.575,2.482,22.777,0.0019,1.182,0.125,0.432,5278637.0,0.0422,0.5106,0.6967,-0.03080568720379151,-0.026066350710900577,-0.1018957345971564,-0.056872037914691975,0.0403,-0.128,0
2026-08-04T20:16:35.872451+00:00,1785874596.0,ENSO,ENSO/USDT,🟠上位5%,1.4202,1.335,-0.363,0.0043,3.752,0.0408,0.749,1094728.0,0.893,0.5061,0.5501,0.013437849944008873,0.005599104143336975,0.03023516237402024,0.12989921612541977,0.1848,-0.0179,1
2026-08-05T04:52:49.901721+00:00,1785905570.0,FIDA,FIDA/USDT,🟠上位5%,1.0235,1.44,7.188,0.0013,0.714,0.1282,0.44,1070627.0,0.01896,0.5109,0.5613,0.09229957805907163,0.10548523206751037,-0.0021097046413502962,-0.04483122362869196,0.2094,-0.0717,0
2026-08-05T07:30:38.635324+00:00,1785915039.0,ACX,ACX/USDT,🟠上位5%,1.1811,8.083,1.18,0.0077,1.236,0.0093,0.914,2189189.0,0.04184,0.5232,0.7636,-0.07002868068833656,-0.08819311663479923,-0.052103250478011454,-0.0518642447418739,0.0621,-0.1097,0
2026-08-05T10:22:04.375718+00:00,1785925324.0,EUL,EUL/USDT,🟠上位5%,0.8844,6.252,5.523,0.0224,0.339,0.0353,0.26,124068190.0,1.406,0.4593,0.6084,-0.0014224751066855834,0.0014224751066855834,-0.05618776671408243,-0.14082503556187764,0.0156,-0.1415,0
2026-08-05T15:06:28.833104+00:00,1785942389.0,MIRA,MIRA/USDT,🟠上位5%,1.0918,19.213,0.283,0.0153,0.919,0.0144,0.131,20064310.0,0.0423,0.4064,0.5246,0.011820330969267046,0.016548463356973908,-0.028368794326241176,0.0023640661938535423,0.1371,-0.0662,0
2026-08-06T01:19:19.525421+00:00,1785979160.0,VIC,VIC/USDT,🟠上位5%,1.1441,16.98,-0.27,0.0067,0.835,0.1357,0.327,8428715.0,0.0385,0.486,0.545,-0.10909090909090913,0.06493506493506507,-0.22337662337662334,-0.20779220779220775,0.2208,-0.2701,0
2026-08-06T04:52:49.558045+00:00,1785991970.0,BABY,BABY/USDT,🔴最上位,2.2675,9.991,5.753,0.0097,3.761,-0.0858,0.161,18982573.0,0.01088,0.5162,0.7311,-0.010110294117647078,-0.009191176470588314,0.034007352941176405,0.17555147058823506,0.1903,-0.0156,1
2026-08-06T07:30:43.630137+00:00,1786001444.0,ACX,ACX/USDT,🟠上位5%,1.4273,15.451,-0.001,0.0091,2.59,-0.0462,0.312,6055627.0,0.03945,0.5187,0.162,-0.0025348542458807355,0.021039290240811193,-0.01571609632446125,0.009125475285171047,0.0996,-0.0393,0
2026-08-07T02:00:04.437107+00:00,1786068004.0,VIC,VIC/USDT,🟠上位5%,1.1174,21.506,-0.359,0.0079,0.594,-0.1114,0.136,7137268.0,0.0305,0.4812,0.5292,-0.03934426229508192,-0.04590163934426228,-0.02622950819672132,-0.05573770491803276,0.4262,-0.1049,0
2026-08-07T04:26:23.329592+00:00,1786076783.0,KMNO,KMNO/USDT,🟠上位5%,1.3771,2.15,6.27,0.0031,2.622,0.1856,0.429,3113748.0,0.02147,0.4831,0.5054,-0.06380996739636702,-0.03493246390312066,-0.13041453190498375,-0.16162086632510486,0.0107,-0.1933,0
2026-08-07T06:03:02.280992+00:00,1786082582.0,BABY,BABY/USDT,🔴最上位,2.439,33.847,8.639,0.0126,0.843,-0.0106,0.288,55590932.0,0.01122,0.41,0.4385,-0.010695187165775444,0.0008912655971478056,0.030303030303030276,0.14527629233511585,0.1996,-0.0187,1
2026-08-07T08:04:17.249719+00:00,1786089857.0,ACX,ACX/USDT,🟠上位5%,1.2097,18.383,-0.227,0.0102,2.786,-0.0538,0.253,2083565.0,0.0381,0.5166,0.9588,0.02230971128608905,0.03937007874015741,0.04094488188976375,0.07270341207349063,0.1,0.0052,1
2026-08-07T14:03:44.406251+00:00,1786111424.0,XAI,XAI/USDT,🟠上位5%,1.3805,4.72,19.415,0.0019,3.05,0.1842,0.41,8099647.0,0.00721,0.5023,0.6826,-0.03883495145631066,-0.015256588072122046,-0.03744798890429957,-0.05131761442441063,0.0735,-0.0902,0
2026-08-08T04:02:30.730225+00:00,1786161751.0,C98,C98/USDT,🟠上位5%,1.0744,5.03,0.291,0.0048,3.658,0.1952,0.515,6672609.0,0.01487,0.5036,0.5133,-0.012104909213180859,0.01546738399462022,-0.05110961667787495,-0.01143241425689312,0.2455,-0.078,0
2026-08-08T04:02:30.730225+00:00,1786161751.0,TST,TST/USDT,🟠上位5%,0.8367,3.867,0.108,0.0061,2.549,0.1284,0.477,13366338.0,0.01291,0.457,0.7144,0.03718048024786991,0.12858249419055,0.4043377226955849,0.5515104570100697,1.0426,-0.0054,1
2026-08-08T06:30:55.245735+00:00,1786170655.0,BABY,BABY/USDT,🔴最上位,4.7857,50.285,-0.011,0.013,19.634,0.105,0.448,34138961.0,0.01178,0.4218,0.537,-0.02037351443123947,0.02376910016977929,0.10865874363327666,0.11629881154499144,0.1426,-0.0263,1
2026-08-08T16:18:12.182240+00:00,1786205892.0,CETUS,CETUS/USDT,🟠上位5%,1.195,3.226,20.186,0.0009,2.574,0.1064,0.39,2274331.0,0.01969,0.5204,0.7212,-0.05535804977145764,-0.05027932960893844,-0.042661249365160026,-0.022854240731335684,0.0361,-0.0747,0
2026-08-08T23:16:27.248818+00:00,1786230987.0,MMT,MMT/USDT,🟠上位5%,1.1248,8.647,16.021,0.0121,2.91,0.1978,0.173,110997183.0,0.1976,0.498,0.5688,-0.007591093117408909,0.11082995951416996,0.03997975708502022,0.03390688259109309,0.2298,-0.0359,0
2026-08-09T09:26:54.688032+00:00,1786267615.0,BABY,BABY/USDT,🔴最上位,3.5042,80.21,1.728,0.0164,4.107,0.1894,0.611,83026761.0,0.01237,0.4342,0.6342,0.02021018593371049,0.04122877930476965,0.051738075990299004,-0.05497170573969279,0.0914,-0.0687,0
2026-08-09T12:23:18.100046+00:00,1786278198.0,DYM,DYM/USDT,🟠上位5%,1.1149,4.428,27.875,0.0038,2.205,0.165,0.519,4533561.0,0.01562,0.5095,0.548,-0.016645326504481472,-0.011523687580025532,-0.02240717029449424,-0.0717029449423815,0.0403,-0.0928,0
2026-08-10T10:55:11.910516+00:00,1786359312.0,ALT,ALT/USDT,🟠上位5%,0.948,1.374,5.942,0.0027,1.869,0.0885,0.527,1788824.0,0.00627,0.535,0.4594,-0.004784688995215447,-0.006379585326953818,-0.04944178628389162,-0.05582137161084533,0.0048,-0.0813,0
2026-08-10T12:39:52.391654+00:00,1786365592.0,VELODROME,VELODROME/USDT,🔴最上位,1.3985,2.585,16.371,0.0013,1.311,0.1759,0.447,2240116.0,0.02048,0.4849,0.6191,-0.1665039062500001,-0.1640625000000001,-0.14453125,-0.16943359375,-0.0142,-0.187,0
2026-08-10T18:39:38.803352+00:00,1786387179.0,BABY,BABY/USDT,🔴最上位,4.7506,53.802,0.328,0.0164,11.083,0.1946,0.758,16945132.0,0.01288,0.4478,0.5741,0.005434782608695565,0.006987577639751441,0.016304347826086918,-0.20496894409937882,0.0481,-0.2259,0
2026-08-10T20:29:19.052502+00:00,1786393759.0,ACT,ACT/USDT,🟠上位5%,1.321,4.053,7.492,0.0057,4.098,0.1767,0.506,9961488.0,0.01112,0.4915,0.6092,0.011690647482014427,-0.006294964028776828,-0.08273381294964022,-0.1420863309352518,0.0306,-0.1466,0
2026-08-11T00:47:59.416487+00:00,1786409279.0,BICO,BICO/USDT,🟠上位5%,1.264,3.894,-0.65,0.0102,3.356,0.1083,0.407,15569820.0,0.04323,0.5021,0.6844,-0.0437196391394864,0.058524173027989956,-0.11357853342586166,-0.3731205181586861,0.2068,-0.3914,0
2026-08-11T04:15:10.559763+00:00,1786421711.0,MMT,MMT/USDT,🔴最上位,2.2069,13.204,-0.39,0.0119,5.857,0.1906,0.198,58414477.0,0.2054,0.4871,0.4846,0.06767283349561826,0.10418695228821817,-0.02677702044790653,-0.11441090555014599,0.1831,-0.203,0
2026-08-11T11:35:35.987785+00:00,1786448136.0,MAV,MAV/USDT,🟠上位5%,1.0615,4.19,8.778,0.0041,2.077,0.1883,0.487,4710911.0,0.00975,0.4929,0.6254,-0.04923076923076919,-0.032820512820512904,-0.09435897435897445,-0.09025641025641029,0.0185,-0.1323,0
2026-08-11T17:46:47.012071+00:00,1786470407.0,LUNA,LUNA/USDT,🔴最上位,2.2506,4.413,68.234,0.0013,1.976,0.1579,0.664,7198382.0,0.0481,0.5051,0.6497,-0.0020790020790020236,0.022869022869022926,-0.0997920997920998,-0.11850311850311845,0.0395,-0.1331,0
2026-08-11T18:43:08.651686+00:00,1786473789.0,BABY,BABY/USDT,🔴最上位,4.2867,26.095,0.748,0.0167,11.49,0.1435,0.786,26581663.0,0.01299,0.4445,0.501,0.005388760585065544,-0.003079291762894565,-0.18090839107005385,-0.24634334103156275,0.0362,-0.2494,0
2026-08-11T23:27:47.668354+00:00,1786490868.0,COOKIE,COOKIE/USDT,🟠上位5%,1.4794,7.717,1.839,0.0092,2.985,0.1905,0.543,3809794.0,0.0125,0.4847,0.6565,-0.008000000000000118,-0.04799999999999993,0.03200000000000003,-0.008000000000000118,0.112,-0.096,0
2026-08-11T23:27:47.668354+00:00,1786490868.0,ACT,ACT/USDT,🟠上位5%,1.2878,2.925,0.033,0.0059,3.638,-0.0696,0.37,1295027.0,0.0103,0.4729,0.6149,0.013592233009708687,-0.005825242718446533,-0.023300970873786464,-0.027184466019417597,0.0447,-0.0854,0
2026-08-12T00:55:01.111833+00:00,1786496101.0,BICO,BICO/USDT,🟠上位5%,1.2834,2.599,-0.683,0.0095,2.778,-0.3033,0.338,16730472.0,0.03795,0.4945,0.6022,-0.02002635046113299,-0.05507246376811581,-0.14150197628458494,-0.32358366271409744,0.0408,-0.3755,0
2026-08-12T05:22:05.617565+00:00,1786512126.0,MMT,MMT/USDT,🔴最上位,1.9495,12.103,-0.299,0.012,3.672,0.0652,0.189,29363685.0,0.2022,0.4932,0.6107,-0.013847675568743778,-0.015825914935707175,-0.09000989119683478,-0.13699307616221568,0.0129,-0.1904,0
2026-08-12T05:22:05.617565+00:00,1786512126.0,FLOW,FLOW/USDT,🟠上位5%,1.2111,1.692,-0.039,0.0029,2.42,0.1974,0.921,1467477.0,0.03309,0.4901,0.5212,0.0033242671501965138,-0.00030220610456344055,-0.011483831973405856,-0.0749471139317015,0.0345,-0.0771,0
2026-08-12T07:04:02.894916+00:00,1786518243.0,HOLO,HOLO/USDT,🟠上位5%,1.6318,2.81,4.785,-0.0,3.083,0.1956,0.505,23183683.0,0.0819,0.5132,0.587,-0.07203907203907212,-0.07081807081807079,-0.11721611721611713,-0.23931623931623935,-0.0415,-0.2405,0
2026-08-12T08:58:30.964570+00:00,1786525111.0,AT,AT/USDT,🟠上位5%,1.2148,2.76,3.753,0.0056,1.821,0.098,0.729,1897615.0,0.1546,0.6593,0.7005,0.03945666235446321,0.05627425614489012,0.026520051746442563,0.03234152652005173,0.1999,-0.0634,0
2026-08-12T12:39:38.121688+00:00,1786538378.0,LSK,LSK/USDT,🟠上位5%,1.3857,6.138,3.617,0.0039,2.867,0.1375,0.412,2528531.0,0.0844,0.5207,0.6825,-0.05094786729857814,-0.024881516587677788,-0.07701421800947872,-0.08767772511848348,0.2204,-0.1244,0
2026-08-12T14:11:44.021750+00:00,1786543904.0,RARE,RARE/USDT,🔴最上位,2.4362,4.729,16.759,0.007,3.674,0.1101,0.393,6278538.0,0.01359,0.509,0.5129,-0.03752759381898452,-0.06622516556291391,-0.1272994849153789,-0.14495952906548926,0.0243,-0.1832,0
2026-08-12T18:44:24.703593+00:00,1786560265.0,BABY,BABY/USDT,🟠上位5%,1.1724,11.369,5.203,0.0178,1.41,-0.0888,0.132,124627696.0,0.01067,0.4786,0.531,-0.017806935332708607,-0.03936269915651358,-0.04498594189315852,-0.06841611996251185,0.0066,-0.0862,0
2026-08-12T19:54:31.493440+00:00,1786564471.0,2Z,2Z/USDT,🟠上位5%,1.1649,3.974,20.952,0.0061,1.466,0.0145,0.181,2674966.0,0.0554,0.5242,0.3886,-0.0880866425992779,-0.12743682310469306,-0.12057761732851979,-0.08862815884476527,0.0978,-0.1468,0
2026-08-13T00:56:44.198748+00:00,1786582604.0,BICO,BICO/USDT,🟠上位5%,1.3115,1.968,-0.704,0.0083,2.505,-0.4731,0.281,7055219.0,0.03344,0.4942,0.4982,-0.05352870813397126,-0.06399521531100472,-0.16746411483253587,-0.3797846889952152,0.0221,-0.4076,0
2026-08-13T00:56:44.198748+00:00,1786582604.0,BANANAS31,BANANAS31/USDT,🟠上位5%,1.1534,7.734,-0.574,0.0053,1.876,0.0641,0.337,2405785.0,0.008294,0.5021,0.1416,-0.026766337111164717,0.027369182541596482,0.011695201350373718,0.03978779840848823,0.0903,-0.0354,0
2026-08-13T03:22:40.429749+00:00,1786591360.0,COOKIE,COOKIE/USDT,🔴最上位,1.6919,3.91,-0.505,0.0063,3.029,-0.0615,0.511,1002242.0,0.0122,0.4863,0.645,-0.00819672131147553,-0.032786885245901676,0.0,-0.08196721311475419,0.1393,-0.1066,0
2026-08-13T05:26:02.215414+00:00,1786598762.0,MMT,MMT/USDT,🔴最上位,1.648,5.759,0.346,0.0124,2.658,-0.0446,0.146,58834242.0,0.1885,0.4929,0.5857,-0.03076923076923077,-0.08222811671087538,-0.037665782493368716,-0.06259946949602124,-0.0053,-0.1316,0
2026-08-13T05:26:02.215414+00:00,1786598762.0,TST,TST/USDT,🟠上位5%,1.1104,6.554,-0.111,0.0094,1.481,0.061,0.486,5021665.0,0.01789,0.4788,0.7067,-0.12129681386249291,-0.1403018446059251,-0.21464505310229176,-0.23253214086081608,-0.033,-0.2465,0
2026-08-13T09:00:25.431294+00:00,1786611625.0,AT,AT/USDT,🔴最上位,1.4472,5.23,5.104,0.0079,1.319,0.0421,0.557,3770666.0,0.1614,0.6098,0.6421,-0.05885997521685238,-0.0824039653035934,-0.09169764560099125,-0.009913258983890949,0.0353,-0.1029,0
